{"mean": [11.388179545667874, -0.8845442153127319, 11.388179545667874, 0.22287527535365995, 0.516920833516191, 408.31110000000007, 385.8327000000002, 407.7283324675999, 149.2, 0.0, 0.26535523392250304, -0.4437550192903427, 0.4437550192903427, 0.26535523392250304, 1.0205783112077689, 1.6417645151710452, 2.2122834113547976, 28.504593240392825, 10.003946632564933, 2.3070181622614734, -2.2227522324893334, 2.3374804188306193, -2.3020476499867124, 6.7872477301726235, 0.07492047407613793, 2.006392841878488, 993.29055081821, 20.521167919495056, 16.098830806050035, 16.804751012647202, 13.568780578437678, 9.061712662464085, 9.599503927689122, 6.872066751927287, 7.569551335035068, 4.732594762361428, 5.171914366146558, 3.338462912135469, 3.699564623975501, -2.735, 20.201244375094863, 8.358550608886286, 4.603717671686752, 168.9356873022419, 17.635555511489123, 11.17039185340823, 5.6691060993506195, 5.094779792832428, 1.7373626353755018, 4.116185615704071, 6.24762654979536, 5.645485930618524, 1.4668515071774444, 0.0, 32.625577177848484, 41.03509991705903, 15.559339230070602, 20.98950425914225, 20.462737330057557, 24.387903914474443, 0.5261891554738487, 5.889687776835407, 3.6766231060579075, 26.644569246423913, 15.289621031408455, 59.038911601768135, 0.0, 13.07662291737202, 9.730407029184894, 2.5842988919400325, 6.324463016612296, 8.631346185131722, 38.23377629988933, 12.760812867057599, 4.172510384163596, 25.114071541849466, 48.361776400823764, 2.0090533254965304, 11.070350137722446, 0.0, 80.00900000000001, 17.027148142771694, 11.464932181495943, 0.0, 14.920412220684454, 23.964025834738095, 9.336012489167034, 17.853838772953136, 19.683190583388544, 27.08314178701545, 9.75213780771244, 17.908026259944876, 17.58569243349141, 3.519066658389442, 19.661211990024025, 9.188532066452018, 2.9224123777905024, -0.8768873098695209, 12.482607691591468, 0.833944332461464, 2.7297951158162403, 1.523069088297395, 0.3760235239800457, 28.4, 1.5, 6.2, 0.0, 0.8, 0.8, 1.9, 0.5, 2.4, 5.2, 1.4, 7.2, 5.3, 0.0, 0.6, 0.6, 3.2, 3.642210000000002, 108.65666000000002, 0.2, 0.1, 0.1, 0.0, 0.0, 0.5, 0.1, 0.2, 0.2, 0.2, 1.2, 1.0, 0.1, 0.0, 0.0, 1.0, 0.7, 0.1, 0.1, 0.0, 0.1, 0.1, 0.0, 0.0, 0.0, 0.1, 0.1, 0.6, 0.0, 0.3, 0.2, 0.0, 0.0, 0.0, 1.9, 0.0, 0.7, 0.0, 0.0, 0.0, 0.3, 2.0, 0.0, 0.0, 0.7, 0.0, 0.1, 0.0, 0.0, 0.0, 0.0, 0.0, 0.0, 0.0, 0.0, 1.0, 0.0, 0.1, 0.0, 0.0, 0.0, 0.0, 0.0, 0.0, 0.2, 0.2, 0.2, 0.0, 0.0, 0.1, 0.0, 0.0, 0.0, 0.1, 0.0, 0.1, 0.1, 0.0, 0.0, 0.0, 0.0, 0.0, 0.0, 0.1, 0.0], "std": [2.9738880198405133, 1.1694261041614027, 2.9738880198405133, 0.13136137077342844, 0.15605082115593671, 114.9691579054575, 110.72609675144344, 114.82618234723358, 43.95634197701169, 0.0, 0.09777799914859081, 0.1233156192593251, 0.1233156192593251, 0.09777799914859081, 0.19099092997696443, 0.15956032806856785, 0.3011554771310774, 18.84897199814679, 0.09796898742794397, 0.17811917804210628, 0.10522281733809288, 0.09794113557709756, 0.21745006911706213, 1.2463009903979514, 0.305429812526947, 0.5222729158896832, 409.8060849791028, 6.0851085573839185, 4.428890182983378, 4.540307577343931, 4.205749838014685, 2.618211680766219, 2.865248962513686, 1.955263950061448, 2.0119403858380855, 1.4809332037998997, 1.7721634077780752, 1.2490630464789758, 1.6374498422732646, 1.4729307519364239, 6.252835431577905, 3.238535192214635, 1.492773022201242, 49.0563896432984, 9.705068604151057, 8.721527614629633, 6.720760417836255, 5.800364805372881, 2.655385167017296, 4.603764016485489, 6.517804039730411, 3.8679123220587606, 2.2523368479898274, 0.0, 20.679149360735458, 16.566200507201334, 8.963626618273109, 11.479061221066788, 11.732469880609704, 15.863524706735713, 1.578567466421546, 5.690224476991902, 5.1233670201224, 26.94208931250775, 10.151061955010679, 32.05065453030754, 0.0, 11.381212368397112, 6.095451321175979, 3.445932985852612, 5.424078615373654, 11.91146608868163, 20.167094516092313, 11.526574734742331, 6.114707646516463, 13.032543724113292, 29.25451672278719, 4.01810665099306, 10.817399901298657, 0.0, 33.60012900272855, 16.26488040964076, 8.124573301150802, 0.0, 11.572329251612922, 13.18056049909673, 10.26603107737946, 17.450462823510858, 12.10450652924941, 23.50079000188216, 10.522881110649472, 12.447101280794548, 16.030344668758552, 5.117072279199592, 15.365774102780787, 5.917181204802707, 2.714866863357287, 1.4183811926299255, 8.430628951733986, 1.806030782094508, 3.5261796019398246, 2.351670771453656, 0.3242118712476536, 8.616263691415206, 1.284523257866513, 2.4819347291981715, 0.0, 1.1661903789690602, 1.1661903789690602, 1.044030650891055, 0.6708203932499369, 1.3564659966250536, 2.4, 1.1135528725660044, 2.85657137141714, 2.9681644159311658, 0.0, 1.2, 1.2, 1.2489995996796799, 1.5496000443275697, 30.851803269734464, 0.4000000000000001, 0.30000000000000004, 0.30000000000000004, 0.0, 0.0, 0.9219544457292888, 0.30000000000000004, 0.4000000000000001, 0.4000000000000001, 0.4000000000000001, 1.16619037896906, 1.0, 0.30000000000000004, 0.0, 0.0, 1.0, 0.7810249675906654, 0.30000000000000004, 0.30000000000000004, 0.0, 0.30000000000000004, 0.30000000000000004, 0.0, 0.0, 0.0, 0.30000000000000004, 0.30000000000000004, 0.8, 0.0, 0.45825756949558394, 0.4000000000000001, 0.0, 0.0, 0.0, 1.044030650891055, 0.0, 0.8999999999999999, 0.0, 0.0, 0.0, 0.6403124237432848, 2.04939015319192, 0.0, 0.0, 1.004987562112089, 0.0, 0.30000000000000004, 0.0, 0.0, 0.0, 0.0, 0.0, 0.0, 0.0, 0.0, 1.4142135623730951, 0.0, 0.30000000000000004, 0.0, 0.0, 0.0, 0.0, 0.0, 0.0, 0.4000000000000001, 0.4000000000000001, 0.4000000000000001, 0.0, 0.0, 0.30000000000000004, 0.0, 0.0, 0.0, 0.30000000000000004, 0.0, 0.30000000000000004, 0.30000000000000004, 0.0, 0.0, 0.0, 0.0, 0.0, 0.0, 0.30000000000000004, 0.0]}
